{
"lengthUnit": "mil",
"components": {
	"fields": ["COMPONENT_NO", "COMPONENT_NAME", "LAYER", "X_COORDINATE", "Y_COORDINATE", "ANGLE"],
	"rows": [
		[1, "ACT", "T", 160, 1085, 0],
		[2, "BAT-1", "T", 2493.44, 1090.57, 90],
		[3, "BAT+1", "T", 2197.24, 1090.57, 90],
		[4, "BOOTOPTION1", "T", 1884.13, 1096.89, 0],
		[5, "C10", "T", 239.65, 45.78, 0],
		[6, "C11", "T", 240, 130, 0],
		[7, "C12", "T", 1222.03, 10, 180],
		[8, "C13", "T", 1222.03, 90, 180],
		[9, "C14", "T", 1925, 185, 180],
		[10, "C15", "T", 3165, 125, 90],
		[11, "C16", "T", 3365, 60, 0],
		[12, "C17", "T", 3790, 845, 90],
		[13, "C19", "T", 3880, 845, 90],
		[14, "C20", "T", 2604.25, 962.13, 0],
		[15, "C21", "T", 2339.25, 1092.13, 180],
		[16, "C22", "T", 2985, 772.91, 0],
		[17, "C23", "T", 2986.09, 465.01, 0],
		[18, "C24", "T", 2529.19, 465.01, 0],
		[19, "C25", "T", 2983.31, 157.11, 0],
		[20, "C26", "T", 3215, 610, 270],
		[21, "C27", "T", 1695, 870, 180],
		[22, "C28", "T", 3798.74, 1110, 180],
		[23, "CH9329_DEF", "T", 3821.46, 995.64, 0],
		[24, "CHARG", "T", 570, 1085, 0],
		[25, "H1", "T", 2480, 250, 0],
		[26, "PW", "T", 770, 1085, 0],
		[27, "R1", "T", 962.03, 50, 270],
		[28, "R2", "T", 792.03, 10, 180],
		[29, "R3", "T", 792.03, 90, 180],
		[30, "R4", "T", 1650, 55, 180],
		[31, "R5", "T", 1835, 990, 180],
		[32, "R6", "T", 1215, 1085, 0],
		[33, "R7", "T", 1025, 1085, 0],
		[34, "R8", "T", 1420, 1085, 0],
		[35, "R9", "T", 1650, 145, 0],
		[36, "R10", "T", 1625, 1085, 180],
		[37, "R11", "T", 3155, 1120, 0],
		[38, "RC_C1", "T", 494.37, 84.37, 90],
		[39, "RC_R1", "T", 395, 85, 270],
		[40, "Rprog1", "T", 2604.25, 862.13, 180],
		[41, "RST1", "T", 1925, 55, 180],
		[42, "SCREW1", "T", 1968.31, 608.15, 0],
		[43, "STATUS", "T", 360, 1085, 0],
		[44, "SW1", "T", 2983.31, 924.36, 0],
		[45, "SW2", "T", 2529.19, 606.46, 0],
		[46, "SW3", "T", 2983.31, 308.56, 0],
		[47, "SW4", "T", 3442.99, 606.46, 0],
		[48, "SW5", "T", 2986.09, 606.46, 0],
		[49, "SW6", "T", 2825, 1125, 270],
		[50, "U1", "T", 1386.63, 792.02, 0],
		[51, "U10", "T", 650, 580, 0],
		[52, "U12", "T", 3365, 200, 270],
		[53, "U13", "T", 3825, 565, 0],
		[54, "U14", "T", 2341.09, 885.24, 90],
		[55, "U15", "T", 3490, 935, 270],
		[56, "USB2", "T", 3715, 200, 0],
		[57, "X1", "T", 1082.03, 50, 270]
	]
},
"pins": {
	"fields": ["PIN_NO", "PIN_NAME", "PIN_X", "PIN_Y", "LAYER", "PIN_TYPE", "NET_NAME", "NET_TYPE", "PAD_SHAPE", "PAD_SIZEX", "PAD_SIZEY", "HOLE_SIZE", "PAD_ANGLE"],
	"rows": [
		[1, "ACT_1", 114.72, 1085.2, "T", "SMD", "$1N3524", "", "R", 39.37, 49.21, 0, 180],
		[2, "ACT_2", 201.34, 1085.2, "T", "SMD", "$1N3550", "", "R", 39.37, 49.21, 0, 180],
		[3, "BAT-1_1", 2493.44, 1090.57, "T", "SMD", "GND", "GND", "C", 78.74, 78.74, 0, 90],
		[4, "BAT+1_1", 2197.24, 1090.57, "T", "SMD", "VCC", "", "C", 78.74, 78.74, 0, 90],
		[5, "BOOTOPTION1_1", 1784.13, 1096.89, "T", "DIP", "IO0_USE", "", "R", 66.93, 66.93, 43.31, 0],
		[6, "BOOTOPTION1_1", 1784.13, 1096.89, "B", "DIP", "IO0_USE", "", "R", 66.93, 66.93, 43.31, 0],
		[7, "BOOTOPTION1_2", 1884.13, 1096.89, "T", "DIP", "IO0", "", "C", 66.93, 66.93, 43.31, 0],
		[8, "BOOTOPTION1_2", 1884.13, 1096.89, "B", "DIP", "IO0", "", "C", 66.93, 66.93, 43.31, 0],
		[9, "BOOTOPTION1_3", 1984.13, 1096.89, "T", "DIP", "GND", "GND", "C", 66.93, 66.93, 43.31, 0],
		[10, "BOOTOPTION1_3", 1984.13, 1096.89, "B", "DIP", "GND", "GND", "C", 66.93, 66.93, 43.31, 0],
		[11, "C10_1", 200.28, 45.78, "T", "SMD", "GND", "GND", "R", 55.51, 53.15, 0, 0],
		[12, "C10_2", 279.02, 45.78, "T", "SMD", "VDD33", "", "R", 55.51, 53.15, 0, 0],
		[13, "C11_1", 200.63, 130, "T", "SMD", "GND", "GND", "R", 55.51, 53.15, 0, 0],
		[14, "C11_2", 279.37, 130, "T", "SMD", "VDD33", "", "R", 55.51, 53.15, 0, 0],
		[15, "C12_1", 1261.4, 10, "T", "SMD", "GND", "GND", "R", 55.51, 53.15, 0, 180],
		[16, "C12_2", 1182.66, 10, "T", "SMD", "$1N2903", "", "R", 55.51, 53.15, 0, 180],
		[17, "C13_1", 1261.4, 90, "T", "SMD", "GND", "GND", "R", 55.51, 53.15, 0, 180],
		[18, "C13_2", 1182.66, 90, "T", "SMD", "$1N2904", "", "R", 55.51, 53.15, 0, 180],
		[19, "C14_1", 1964.37, 185, "T", "SMD", "GND", "GND", "R", 55.51, 53.15, 0, 180],
		[20, "C14_2", 1885.63, 185, "T", "SMD", "$1N2842", "", "R", 55.51, 53.15, 0, 180],
		[21, "C15_1", 3165, 92.52, "T", "SMD", "GND", "GND", "R", 39.37, 51.18, 0, 90],
		[22, "C15_2", 3165, 157.48, "T", "SMD", "VDD33", "", "R", 39.37, 51.18, 0, 90],
		[23, "C16_1", 3332.52, 60, "T", "SMD", "GND", "GND", "R", 39.37, 51.18, 0, 0],
		[24, "C16_2", 3397.48, 60, "T", "SMD", "VCC", "", "R", 39.37, 51.18, 0, 0],
		[25, "C17_1", 3790, 805.63, "T", "SMD", "$1N2889", "", "R", 55.51, 53.15, 0, 90],
		[26, "C17_2", 3790, 884.37, "T", "SMD", "GND", "GND", "R", 55.51, 53.15, 0, 90],
		[27, "C19_1", 3880, 805.63, "T", "SMD", "VDD33", "", "R", 55.51, 53.15, 0, 90],
		[28, "C19_2", 3880, 884.37, "T", "SMD", "GND", "GND", "R", 55.51, 53.15, 0, 90],
		[29, "C20_1", 2564.88, 962.13, "T", "SMD", "VCC", "", "R", 55.51, 53.15, 0, 0],
		[30, "C20_2", 2643.62, 962.13, "T", "SMD", "GND", "GND", "R", 55.51, 53.15, 0, 0],
		[31, "C21_1", 2378.62, 1092.13, "T", "SMD", "GND", "GND", "R", 55.51, 53.15, 0, 180],
		[32, "C21_2", 2299.88, 1092.13, "T", "SMD", "VCC", "", "R", 55.51, 53.15, 0, 180],
		[33, "C22_1", 2945.63, 772.91, "T", "SMD", "IO12", "", "R", 55.51, 53.15, 0, 0],
		[34, "C22_2", 3024.37, 772.91, "T", "SMD", "VDD33", "", "R", 55.51, 53.15, 0, 0],
		[35, "C23_1", 2946.72, 465.01, "T", "SMD", "IO34", "", "R", 55.51, 53.15, 0, 0],
		[36, "C23_2", 3025.46, 465.01, "T", "SMD", "VDD33", "", "R", 55.51, 53.15, 0, 0],
		[37, "C24_1", 2489.82, 465.01, "T", "SMD", "IO13", "", "R", 55.51, 53.15, 0, 0],
		[38, "C24_2", 2568.56, 465.01, "T", "SMD", "VDD33", "", "R", 55.51, 53.15, 0, 0],
		[39, "C25_1", 2943.94, 157.11, "T", "SMD", "IO14", "", "R", 55.51, 53.15, 0, 0],
		[40, "C25_2", 3022.68, 157.11, "T", "SMD", "VDD33", "", "R", 55.51, 53.15, 0, 0],
		[41, "C26_1", 3215, 649.37, "T", "SMD", "IO35", "", "R", 55.51, 53.15, 0, 270],
		[42, "C26_2", 3215, 570.63, "T", "SMD", "VDD33", "", "R", 55.51, 53.15, 0, 270],
		[43, "C27_1", 1734.37, 870, "T", "SMD", "GND", "GND", "R", 55.51, 53.15, 0, 180],
		[44, "C27_2", 1655.63, 870, "T", "SMD", "VDD33", "", "R", 55.51, 53.15, 0, 180],
		[45, "C28_1", 3838.11, 1110, "T", "SMD", "GND", "GND", "R", 55.51, 53.15, 0, 180],
		[46, "C28_2", 3759.37, 1110, "T", "SMD", "VDD33", "", "R", 55.51, 53.15, 0, 180],
		[47, "CH9329_DEF_1", 3821.46, 995.64, "T", "SMD", "$1N3609", "", "C", 59.06, 59.06, 0, 0],
		[48, "CHARG_1", 524.72, 1085.2, "T", "SMD", "$1N2859", "", "R", 39.37, 49.21, 0, 180],
		[49, "CHARG_2", 611.34, 1085.2, "T", "SMD", "VCC", "", "R", 39.37, 49.21, 0, 180],
		[50, "H1_1", 2332.36, 250, "T", "DIP", "GND", "GND", "R", 55.12, 55.12, 31.5, 0],
		[51, "H1_1", 2332.36, 250, "B", "DIP", "GND", "GND", "R", 55.12, 55.12, 31.5, 0],
		[52, "H1_2", 2430.79, 250, "T", "DIP", "VDD33", "", "C", 55.12, 55.12, 31.5, 0],
		[53, "H1_2", 2430.79, 250, "B", "DIP", "VDD33", "", "C", 55.12, 55.12, 31.5, 0],
		[54, "H1_3", 2529.21, 250, "T", "DIP", "IIC_SCL", "", "C", 55.12, 55.12, 31.5, 0],
		[55, "H1_3", 2529.21, 250, "B", "DIP", "IIC_SCL", "", "C", 55.12, 55.12, 31.5, 0],
		[56, "H1_4", 2627.64, 250, "T", "DIP", "IIC_SDA", "", "C", 55.12, 55.12, 31.5, 0],
		[57, "H1_4", 2627.64, 250, "B", "DIP", "IIC_SDA", "", "C", 55.12, 55.12, 31.5, 0],
		[58, "PW_1", 724.72, 1085.2, "T", "SMD", "$1N2982", "", "R", 39.37, 49.21, 0, 180],
		[59, "PW_2", 811.34, 1085.2, "T", "SMD", "VDD33", "", "R", 39.37, 49.21, 0, 180],
		[60, "R1_1", 962.03, 89.37, "T", "SMD", "$1N2904", "", "R", 44.59, 54.21, 0, 270],
		[61, "R1_2", 962.03, 10.63, "T", "SMD", "$1N2903", "", "R", 44.59, 54.21, 0, 270],
		[62, "R2_1", 831.4, 10, "T", "SMD", "$1N2903", "", "R", 44.59, 54.21, 0, 180],
		[63, "R2_2", 752.66, 10, "T", "SMD", "IO32", "", "R", 44.59, 54.21, 0, 180],
		[64, "R3_1", 831.4, 90, "T", "SMD", "$1N2904", "", "R", 44.59, 54.21, 0, 180],
		[65, "R3_2", 752.66, 90, "T", "SMD", "IO33", "", "R", 44.59, 54.21, 0, 180],
		[66, "R4_1", 1689.37, 55, "T", "SMD", "$1N2842", "", "R", 44.59, 54.21, 0, 180],
		[67, "R4_2", 1610.63, 55, "T", "SMD", "ESP32_EN", "", "R", 44.59, 54.21, 0, 180],
		[68, "R5_1", 1874.37, 990, "T", "SMD", "IO0", "", "R", 44.59, 54.21, 0, 180],
		[69, "R5_2", 1795.63, 990, "T", "SMD", "IO0_USE", "", "R", 44.59, 54.21, 0, 180],
		[70, "R6_1", 1175.63, 1085, "T", "SMD", "$1N2859", "", "R", 44.59, 54.21, 0, 0],
		[71, "R6_2", 1254.37, 1085, "T", "SMD", "$1N2858", "", "R", 44.59, 54.21, 0, 0],
		[72, "R7_1", 985.63, 1085, "T", "SMD", "$1N2982", "", "R", 44.59, 54.21, 0, 0],
		[73, "R7_2", 1064.37, 1085, "T", "SMD", "GND", "GND", "R", 44.59, 54.21, 0, 0],
		[74, "R8_1", 1380.63, 1085, "T", "SMD", "$1N2983", "", "R", 44.59, 54.21, 0, 0],
		[75, "R8_2", 1459.37, 1085, "T", "SMD", "IO27", "", "R", 44.59, 54.21, 0, 0],
		[76, "R9_1", 1610.63, 145, "T", "SMD", "ESP32_EN", "", "R", 44.59, 54.21, 0, 0],
		[77, "R9_2", 1689.37, 145, "T", "SMD", "$1N2886", "", "R", 44.59, 54.21, 0, 0],
		[78, "R10_1", 1664.37, 1085, "T", "SMD", "VDD33", "", "R", 44.59, 54.21, 0, 180],
		[79, "R10_2", 1585.63, 1085, "T", "SMD", "$1N3550", "", "R", 44.59, 54.21, 0, 180],
		[80, "R11_1", 3115.63, 1120, "T", "SMD", "GND", "GND", "R", 44.59, 54.21, 0, 0],
		[81, "R11_2", 3194.37, 1120, "T", "SMD", "IO36", "", "R", 44.59, 54.21, 0, 0],
		[82, "RC_C1_1", 494.37, 45, "T", "SMD", "GND", "GND", "R", 55.51, 53.15, 0, 90],
		[83, "RC_C1_2", 494.37, 123.74, "T", "SMD", "ESP32_EN", "", "R", 55.51, 53.15, 0, 90],
		[84, "RC_R1_1", 395, 124.37, "T", "SMD", "ESP32_EN", "", "R", 44.59, 54.21, 0, 270],
		[85, "RC_R1_2", 395, 45.63, "T", "SMD", "VDD33", "", "R", 44.59, 54.21, 0, 270],
		[86, "Rprog1_1", 2643.62, 862.13, "T", "SMD", "GND", "GND", "R", 44.59, 54.21, 0, 180],
		[87, "Rprog1_2", 2564.88, 862.13, "T", "SMD", "$1N2862", "", "R", 44.59, 54.21, 0, 180],
		[88, "RST1_1", 2052.95, 55, "T", "DIP", "GND", "GND", "C", 78.74, 78.74, 55.12, 180],
		[89, "RST1_1", 2052.95, 55, "B", "DIP", "GND", "GND", "C", 78.74, 78.74, 55.12, 180],
		[90, "RST1_2", 1797.05, 55, "T", "DIP", "$1N2842", "", "C", 78.74, 78.74, 55.12, 180],
		[91, "RST1_2", 1797.05, 55, "B", "DIP", "$1N2842", "", "C", 78.74, 78.74, 55.12, 180],
		[92, "SCREW1_1", 1968.31, 608.15, "T", "DIP", "SCREW1_1", "", "C", 126, 126, 126, 0],
		[93, "SCREW1_1", 1968.31, 608.15, "B", "DIP", "SCREW1_1", "", "C", 126, 126, 126, 0],
		[94, "STATUS_1", 314.72, 1085.2, "T", "SMD", "$1N2983", "", "R", 39.37, 49.21, 0, 180],
		[95, "STATUS_2", 401.34, 1085.2, "T", "SMD", "VDD33", "", "R", 39.37, 49.21, 0, 180],
		[96, "SW1_1", 2855.36, 924.36, "T", "DIP", "IO12", "", "C", 78.74, 78.74, 55.12, 0],
		[97, "SW1_1", 2855.36, 924.36, "B", "DIP", "IO12", "", "C", 78.74, 78.74, 55.12, 0],
		[98, "SW1_2", 3111.27, 924.36, "T", "DIP", "VDD33", "", "C", 78.74, 78.74, 55.12, 0],
		[99, "SW1_2", 3111.27, 924.36, "B", "DIP", "VDD33", "", "C", 78.74, 78.74, 55.12, 0],
		[100, "SW2_1", 2401.23, 606.46, "T", "DIP", "IO13", "", "C", 78.74, 78.74, 55.12, 0],
		[101, "SW2_1", 2401.23, 606.46, "B", "DIP", "IO13", "", "C", 78.74, 78.74, 55.12, 0],
		[102, "SW2_2", 2657.14, 606.46, "T", "DIP", "VDD33", "", "C", 78.74, 78.74, 55.12, 0],
		[103, "SW2_2", 2657.14, 606.46, "B", "DIP", "VDD33", "", "C", 78.74, 78.74, 55.12, 0],
		[104, "SW3_1", 2855.36, 308.56, "T", "DIP", "IO14", "", "C", 78.74, 78.74, 55.12, 0],
		[105, "SW3_1", 2855.36, 308.56, "B", "DIP", "IO14", "", "C", 78.74, 78.74, 55.12, 0],
		[106, "SW3_2", 3111.27, 308.56, "T", "DIP", "VDD33", "", "C", 78.74, 78.74, 55.12, 0],
		[107, "SW3_2", 3111.27, 308.56, "B", "DIP", "VDD33", "", "C", 78.74, 78.74, 55.12, 0],
		[108, "SW4_1", 3315.04, 606.46, "T", "DIP", "IO35", "", "C", 78.74, 78.74, 55.12, 0],
		[109, "SW4_1", 3315.04, 606.46, "B", "DIP", "IO35", "", "C", 78.74, 78.74, 55.12, 0],
		[110, "SW4_2", 3570.95, 606.46, "T", "DIP", "VDD33", "", "C", 78.74, 78.74, 55.12, 0],
		[111, "SW4_2", 3570.95, 606.46, "B", "DIP", "VDD33", "", "C", 78.74, 78.74, 55.12, 0],
		[112, "SW5_1", 2858.14, 606.46, "T", "DIP", "IO34", "", "C", 78.74, 78.74, 55.12, 0],
		[113, "SW5_1", 2858.14, 606.46, "B", "DIP", "IO34", "", "C", 78.74, 78.74, 55.12, 0],
		[114, "SW5_2", 3114.05, 606.46, "T", "DIP", "VDD33", "", "C", 78.74, 78.74, 55.12, 0],
		[115, "SW5_2", 3114.05, 606.46, "B", "DIP", "VDD33", "", "C", 78.74, 78.74, 55.12, 0],
		[116, "SW6_1", 2975, 1125, "T", "DIP", "VCC", "", "C", 62.99, 62.99, 39.37, 0],
		[117, "SW6_1", 2975, 1125, "B", "DIP", "VCC", "", "C", 62.99, 62.99, 39.37, 0],
		[118, "SW6_2", 2675, 1125, "T", "DIP", "TP4056_CE", "", "C", 62.99, 62.99, 39.37, 0],
		[119, "SW6_2", 2675, 1125, "B", "DIP", "TP4056_CE", "", "C", 62.99, 62.99, 39.37, 0],
		[120, "U1_1", 1227.86, 867.02, "T", "SMD", "IO15", "", "O", 22.87, 43.92, 0, 270],
		[121, "U1_2", 1227.86, 817.02, "T", "SMD", "IO18", "", "O", 22.87, 43.92, 0, 270],
		[122, "U1_3", 1227.86, 767.02, "T", "SMD", "IO19", "", "O", 22.87, 43.92, 0, 270],
		[123, "U1_4", 1227.86, 717.02, "T", "SMD", "GND", "GND", "O", 22.87, 43.92, 0, 270],
		[124, "U1_5", 1545.4, 717.02, "T", "SMD", "IO21", "", "O", 22.87, 43.92, 0, 270],
		[125, "U1_6", 1545.4, 767.02, "T", "SMD", "IO22", "", "O", 22.87, 43.92, 0, 270],
		[126, "U1_7", 1545.4, 817.02, "T", "SMD", "IO23", "", "O", 22.87, 43.92, 0, 270],
		[127, "U1_8", 1545.4, 867.02, "T", "SMD", "VDD33", "", "O", 22.87, 43.92, 0, 270],
		[128, "U1_9", 1386.63, 792.02, "T", "SMD", "U1_9", "", "R", 133.86, 169.29, 0, 0],
		[129, "U10_1", 295.57, 225.67, "T", "SMD", "GND", "GND", "R", 37.4, 82.68, 0, 0],
		[130, "U10_2", 345.57, 225.67, "T", "SMD", "VDD33", "", "R", 37.4, 82.68, 0, 0],
		[131, "U10_3", 395.57, 225.67, "T", "SMD", "ESP32_EN", "", "R", 37.4, 82.68, 0, 0],
		[132, "U10_4", 445.57, 225.67, "T", "SMD", "IO36", "", "R", 37.4, 82.68, 0, 0],
		[133, "U10_5", 495.57, 225.67, "T", "SMD", "U10_5", "", "R", 37.4, 82.68, 0, 0],
		[134, "U10_6", 545.57, 225.67, "T", "SMD", "IO34", "", "R", 37.4, 82.68, 0, 0],
		[135, "U10_7", 595.57, 225.67, "T", "SMD", "IO35", "", "R", 37.4, 82.68, 0, 0],
		[136, "U10_8", 645.57, 225.67, "T", "SMD", "IO32", "", "R", 37.4, 82.68, 0, 0],
		[137, "U10_9", 695.57, 225.67, "T", "SMD", "IO33", "", "R", 37.4, 82.68, 0, 0],
		[138, "U10_10", 745.57, 225.67, "T", "SMD", "IIC_SDA", "", "R", 37.4, 82.68, 0, 0],
		[139, "U10_11", 795.57, 225.67, "T", "SMD", "IIC_SCL", "", "R", 37.4, 82.68, 0, 0],
		[140, "U10_12", 845.57, 225.67, "T", "SMD", "IO27", "", "R", 37.4, 82.68, 0, 0],
		[141, "U10_13", 895.57, 225.67, "T", "SMD", "IO14", "", "R", 37.4, 82.68, 0, 0],
		[142, "U10_14", 945.57, 225.67, "T", "SMD", "IO12", "", "R", 37.4, 82.68, 0, 0],
		[143, "U10_15", 1004.43, 355, "T", "SMD", "GND", "GND", "R", 82.68, 37.4, 0, 0],
		[144, "U10_16", 1004.43, 405, "T", "SMD", "IO13", "", "R", 82.68, 37.4, 0, 0],
		[145, "U10_17", 1004.43, 455, "T", "SMD", "U10_17", "", "R", 82.68, 37.4, 0, 0],
		[146, "U10_18", 1004.43, 505, "T", "SMD", "U10_18", "", "R", 82.68, 37.4, 0, 0],
		[147, "U10_19", 1004.43, 555, "T", "SMD", "U10_19", "", "R", 82.68, 37.4, 0, 0],
		[148, "U10_20", 1004.43, 605, "T", "SMD", "U10_20", "", "R", 82.68, 37.4, 0, 0],
		[149, "U10_21", 1004.43, 655, "T", "SMD", "U10_21", "", "R", 82.68, 37.4, 0, 0],
		[150, "U10_22", 1004.43, 705, "T", "SMD", "U10_22", "", "R", 82.68, 37.4, 0, 0],
		[151, "U10_23", 1004.43, 755, "T", "SMD", "IO15", "", "R", 82.68, 37.4, 0, 0],
		[152, "U10_24", 1004.43, 805, "T", "SMD", "IO2", "", "R", 82.68, 37.4, 0, 0],
		[153, "U10_25", 945.57, 934.33, "T", "SMD", "IO0", "", "R", 37.4, 82.68, 0, 0],
		[154, "U10_26", 895.57, 934.33, "T", "SMD", "IO4", "", "R", 37.4, 82.68, 0, 0],
		[155, "U10_27", 845.57, 934.33, "T", "SMD", "IO16", "", "R", 37.4, 82.68, 0, 0],
		[156, "U10_28", 795.57, 934.33, "T", "SMD", "IO17", "", "R", 37.4, 82.68, 0, 0],
		[157, "U10_29", 745.57, 934.33, "T", "SMD", "IO5", "", "R", 37.4, 82.68, 0, 0],
		[158, "U10_30", 695.57, 934.33, "T", "SMD", "IO18", "", "R", 37.4, 82.68, 0, 0],
		[159, "U10_31", 645.57, 934.33, "T", "SMD", "IO19", "", "R", 37.4, 82.68, 0, 0],
		[160, "U10_32", 595.57, 934.33, "T", "SMD", "U10_32", "", "R", 37.4, 82.68, 0, 0],
		[161, "U10_33", 545.57, 934.33, "T", "SMD", "IO21", "", "R", 37.4, 82.68, 0, 0],
		[162, "U10_34", 495.57, 934.33, "T", "SMD", "RXD0", "", "R", 37.4, 82.68, 0, 0],
		[163, "U10_35", 445.57, 934.33, "T", "SMD", "TXD0", "", "R", 37.4, 82.68, 0, 0],
		[164, "U10_36", 395.57, 934.33, "T", "SMD", "IO22", "", "R", 37.4, 82.68, 0, 0],
		[165, "U10_37", 345.57, 934.33, "T", "SMD", "IO23", "", "R", 37.4, 82.68, 0, 0],
		[166, "U10_38", 295.57, 934.33, "T", "SMD", "GND", "GND", "R", 37.4, 82.68, 0, 0],
		[167, "U10_39", 597.97, 520.93, "T", "SMD", "U10_39", "", "R", 35.43, 35.43, 0, 180],
		[168, "U10_39", 597.97, 465.82, "T", "SMD", "U10_A_39", "", "R", 35.43, 35.43, 0, 180],
		[169, "U10_39", 597.97, 576.06, "T", "SMD", "U10_B_39", "", "R", 35.43, 35.43, 0, 180],
		[170, "U10_39", 542.85, 576.06, "T", "SMD", "U10_C_39", "", "R", 35.43, 35.43, 0, 180],
		[171, "U10_39", 542.85, 520.94, "T", "SMD", "U10_D_39", "", "R", 35.43, 35.43, 0, 180],
		[172, "U10_39", 542.85, 465.82, "T", "SMD", "U10_E_39", "", "R", 35.43, 35.43, 0, 180],
		[173, "U10_39", 653.09, 465.82, "T", "SMD", "U10_F_39", "", "R", 35.43, 35.43, 0, 180],
		[174, "U10_39", 653.09, 520.94, "T", "SMD", "U10_G_39", "", "R", 35.43, 35.43, 0, 180],
		[175, "U10_39", 653.09, 576.06, "T", "SMD", "U10_H_39", "", "R", 35.43, 35.43, 0, 180],
		[176, "U12_1", 3274.84, 62.78, "T", "SMD", "GND", "GND", "R", 91.97, 41.89, 0, 270],
		[177, "U12_3", 3455.16, 62.77, "T", "SMD", "VCC", "", "R", 91.97, 41.89, 0, 270],
		[178, "U12_4", 3365, 337.22, "T", "SMD", "VDD33", "", "R", 229.37, 216.19, 0, 270],
		[179, "U13_1", 3750, 459.39, "T", "SMD", "UD+", "", "O", 24.8, 73.42, 0, 0],
		[180, "U13_2", 3800, 459.39, "T", "SMD", "UD-", "", "O", 24.8, 73.42, 0, 0],
		[181, "U13_3", 3850, 459.39, "T", "SMD", "GND", "GND", "O", 24.8, 73.42, 0, 0],
		[182, "U13_4", 3900, 459.39, "T", "SMD", "$1N2886", "", "O", 24.8, 73.42, 0, 0],
		[183, "U13_5", 3900, 670.61, "T", "SMD", "VDD33", "", "O", 24.8, 73.42, 0, 0],
		[184, "U13_6", 3850, 670.61, "T", "SMD", "RXD0", "", "O", 24.8, 73.42, 0, 0],
		[185, "U13_7", 3800, 670.61, "T", "SMD", "TXD0", "", "O", 24.8, 73.42, 0, 0],
		[186, "U13_8", 3750, 670.61, "T", "SMD", "$1N2889", "", "O", 24.8, 73.42, 0, 0],
		[187, "U14_1", 2455.59, 810.24, "T", "SMD", "GND", "GND", "R", 23.62, 47.24, 0, 90],
		[188, "U14_2", 2455.59, 860.24, "T", "SMD", "$1N2862", "", "R", 23.62, 47.24, 0, 90],
		[189, "U14_3", 2455.59, 910.24, "T", "SMD", "GND", "GND", "R", 23.62, 47.24, 0, 90],
		[190, "U14_4", 2455.59, 960.24, "T", "SMD", "VCC", "", "R", 23.62, 47.24, 0, 90],
		[191, "U14_5", 2226.59, 960.24, "T", "SMD", "VCC", "", "R", 23.62, 47.24, 0, 90],
		[192, "U14_6", 2226.59, 910.24, "T", "SMD", "GND", "GND", "R", 23.62, 47.24, 0, 90],
		[193, "U14_7", 2226.59, 860.24, "T", "SMD", "$1N2858", "", "R", 23.62, 47.24, 0, 90],
		[194, "U14_8", 2226.59, 810.24, "T", "SMD", "TP4056_CE", "", "R", 23.62, 47.24, 0, 90],
		[195, "U14_9", 2341.09, 885.24, "T", "SMD", "U14_9", "", "R", 129.92, 94.49, 0, 270],
		[196, "U15_1", 3380.98, 1110, "T", "SMD", "$1N3524", "", "O", 22.6, 80.24, 0, 270],
		[197, "U15_2", 3380.98, 1060, "T", "SMD", "GND", "GND", "O", 22.6, 80.24, 0, 270],
		[198, "U15_3", 3380.98, 1010, "T", "SMD", "VDD33", "", "O", 22.6, 80.24, 0, 270],
		[199, "U15_4", 3380.98, 960, "T", "SMD", "GND", "GND", "O", 22.6, 80.24, 0, 270],
		[200, "U15_5", 3380.98, 910, "T", "SMD", "VDD33", "", "O", 22.6, 80.24, 0, 270],
		[201, "U15_6", 3380.98, 860, "T", "SMD", "U15_6", "", "O", 22.6, 80.24, 0, 270],
		[202, "U15_7", 3380.98, 810, "T", "SMD", "IO16", "", "O", 22.6, 80.24, 0, 270],
		[203, "U15_8", 3380.98, 760, "T", "SMD", "IO17", "", "O", 22.6, 80.24, 0, 270],
		[204, "U15_9", 3599.02, 760, "T", "SMD", "IO36", "", "O", 22.6, 80.24, 0, 270],
		[205, "U15_10", 3599.02, 810, "T", "SMD", "$1N3609", "", "O", 22.6, 80.24, 0, 270],
		[206, "U15_11", 3599.02, 860, "T", "SMD", "U15_11", "", "O", 22.6, 80.24, 0, 270],
		[207, "U15_12", 3599.02, 910, "T", "SMD", "UD+", "", "O", 22.6, 80.24, 0, 270],
		[208, "U15_13", 3599.02, 960, "T", "SMD", "UD-", "", "O", 22.6, 80.24, 0, 270],
		[209, "U15_14", 3599.02, 1010, "T", "SMD", "GND", "GND", "O", 22.6, 80.24, 0, 270],
		[210, "U15_15", 3599.02, 1060, "T", "SMD", "U15_15", "", "O", 22.6, 80.24, 0, 270],
		[211, "U15_16", 3599.02, 1110, "T", "SMD", "VDD33", "", "O", 22.6, 80.24, 0, 270],
		[212, "USB2_1", 3544.92, 269.49, "T", "DIP", "USB2_1", "", "O", 39.37, 78.74, 66.93, 0],
		[213, "USB2_1", 3544.92, 269.49, "B", "DIP", "USB2_1", "", "O", 39.37, 78.74, 66.93, 0],
		[214, "USB2_2", 3885.08, 269.49, "T", "DIP", "USB2_2", "", "O", 39.37, 78.74, 66.93, 0],
		[215, "USB2_2", 3885.08, 269.49, "B", "DIP", "USB2_2", "", "O", 39.37, 78.74, 66.93, 0],
		[216, "USB2_3", 3544.92, 104.92, "T", "DIP", "USB2_3", "", "O", 39.37, 70.87, 55.12, 0],
		[217, "USB2_3", 3544.92, 104.92, "B", "DIP", "USB2_3", "", "O", 39.37, 70.87, 55.12, 0],
		[218, "USB2_4", 3885.08, 104.92, "T", "DIP", "USB2_4", "", "O", 39.37, 70.87, 55.12, 0],
		[219, "USB2_4", 3885.08, 104.92, "B", "DIP", "USB2_4", "", "O", 39.37, 70.87, 55.12, 0],
		[220, "USB2_A1", 3583.11, 295.08, "T", "SMD", "GND", "GND", "R", 11.81, 51.18, 0, 0],
		[221, "USB2_A12", 3846.89, 295.08, "T", "SMD", "GND", "GND", "R", 11.81, 51.18, 0, 0],
		[222, "USB2_A4", 3614.61, 295.08, "T", "SMD", "VCC", "", "R", 11.81, 51.18, 0, 0],
		[223, "USB2_A5", 3665.79, 295.08, "T", "SMD", "USB2_A5", "", "R", 11.81, 51.18, 0, 0],
		[224, "USB2_A6", 3705.16, 295.08, "T", "SMD", "UD+", "", "R", 11.81, 51.18, 0, 0],
		[225, "USB2_A7", 3724.84, 295.08, "T", "SMD", "UD-", "", "R", 11.81, 51.18, 0, 0],
		[226, "USB2_A8", 3764.2, 295.08, "T", "SMD", "USB2_A8", "", "R", 11.81, 51.18, 0, 0],
		[227, "USB2_A9", 3815.39, 295.08, "T", "SMD", "VCC", "", "R", 11.81, 51.18, 0, 180],
		[228, "USB2_B1", 3835.08, 295.08, "T", "SMD", "GND", "GND", "R", 11.81, 51.18, 0, 0],
		[229, "USB2_B12", 3594.92, 295.08, "T", "SMD", "GND", "GND", "R", 11.81, 51.18, 0, 0],
		[230, "USB2_B4", 3803.58, 295.08, "T", "SMD", "VCC", "", "R", 11.81, 51.18, 0, 180],
		[231, "USB2_B5", 3783.9, 295.08, "T", "SMD", "USB2_B5", "", "R", 11.81, 51.18, 0, 0],
		[232, "USB2_B6", 3744.53, 295.08, "T", "SMD", "UD+", "", "R", 11.81, 51.18, 0, 0],
		[233, "USB2_B7", 3685.47, 295.08, "T", "SMD", "UD-", "", "R", 11.81, 51.18, 0, 0],
		[234, "USB2_B8", 3646.1, 295.08, "T", "SMD", "USB2_B8", "", "R", 11.81, 51.18, 0, 0],
		[235, "USB2_B9", 3626.42, 295.08, "T", "SMD", "VCC", "", "R", 11.81, 51.18, 0, 0],
		[236, "X1_1", 1082.02, 99.21, "T", "SMD", "$1N2904", "", "R", 70.87, 39.37, 0, 0],
		[237, "X1_2", 1082.02, 0.79, "T", "SMD", "$1N2903", "", "R", 70.87, 39.37, 0, 0]
	]
}
}